"rules","support","confidence","lift","count"
"62","{Dell 2 Desktop} => {Apple Magic Keyboard}",0.0090493136756482,0.27217125382263,3.7968855054547,89
"63","{Dell 2 Desktop} => {Lenovo Desktop Computer}",0.0107778342653787,0.324159021406728,2.1896318513291,106
"64","{Dell 2 Desktop} => {HP Laptop}",0.0103711235383833,0.311926605504587,1.60701842071117,102
"65","{Dell 2 Desktop} => {iMac}",0.0118962887646162,0.357798165137615,1.39696107746266,117
